"UUID","FILE","QUOTE_TRANSCRIPTION","ANCHOR","TYPE","URI","VOCAB_LABEL","VOCAB_TEMPORAL_BOUNDS","LAT","LNG","PLACE_TYPE","VERIFICATION_STATUS","TAGS","COMMENTS","GROUP_ID","GROUP_ORDER"
"5fbb4f90-58a3-44b6-90b4-01b533fcb77a","Arriano.txt","Trapezunte","char-offset:115","PLACE","http://pleiades.stoa.org/places/857359","Trapezus|Trapezous/Trapezus, Trabzon","-3200/2000","41.005877","39.728451","settlement","VERIFIED","","","",""
"c2b0bc59-e432-4d32-954d-25b40a0012f2","Arriano.txt","Jenofonte","char-offset:161","PERSON","","","","","","","","","","",""
"a778822d-09cf-48e0-a44d-856d34fe4183","Arriano.txt","Jenofonte","char-offset:1658","PERSON","","","","","","","","","","",""
"0a852ad4-82b0-4df3-a479-5feb4c918419","Arriano.txt","Trapezunte","char-offset:2205","PLACE","http://pleiades.stoa.org/places/857359","Trapezus|Trapezous/Trapezus, Trabzon","-3200/2000","41.005877","39.728451","settlement","VERIFIED","","","",""
"92b848cf-84d3-4acc-b877-20436b327969","Arriano.txt","Issos","char-offset:2239","PLACE","http://pleiades.stoa.org/places/857291","Psoron Limen/Hyssos/Sousarmia/Sousourmena/‘Ysiporto’|Psoron Limen/Hyssos/Sousarmia/Sousourmena/‘Ysiporto’, Araklıçarşısı","-0550/0640","40.942435","40.039388","station","VERIFIED","","","",""
"0710cbed-937a-402b-8a70-8a8a8dd5a083","Arriano.txt","Atenas","char-offset:3364","PLACE","http://sws.geonames.org/3624842","Atenas","","9.97489","-84.37886","","UNVERIFIED","","","",""
"bc405d3f-df7c-4456-a69d-a1c197eef29d","Arriano.txt","doscientos cincuenta","char-offset:5393","EVENT","","","","","","","","","","",""
"b7faf2ad-8995-466e-b2f5-a44963c126be","Arriano.txt","Apsaros","char-offset:5420","PLACE","http://pleiades.stoa.org/places/857032","Apsaros/Apsyrtos|Apsaros/Apsyrtos, Gonio","-0330/0640","41.573247","41.573661","settlement","VERIFIED","","","",""
"3609ca9c-faaf-485e-9a23-efec11ddc089","Arriano.txt","Apsaros","char-offset:5762","PLACE","http://pleiades.stoa.org/places/857032","Apsaros/Apsyrtos|Apsaros/Apsyrtos, Gonio","-0330/0640","41.573247","41.573661","settlement","VERIFIED","","","",""
"9dc3afb5-3444-4297-ab6d-627b1c7f3f9f","Arriano.txt","Tyana","char-offset:6039","PLACE","http://pleiades.stoa.org/places/648801","Tyana/Col. Aurelia Antoniniana|Tyana/Col. Aurelia Antoniniana, Kemerhisar","-1450/2000","37.817319","34.568378","settlement","VERIFIED","","","",""
"acaf4172-d6f9-4bf4-9ed4-a39e80ac8297","Arriano.txt","Trapezunte","char-offset:6313","PLACE","http://pleiades.stoa.org/places/857359","Trapezus|Trapezous/Trapezus, Trabzon","-3200/2000","41.005877","39.728451","settlement","VERIFIED","","","",""
"80b25ef0-81f7-47dc-970f-d00b8f915c3e","Arriano.txt","Issos","char-offset:6326","PLACE","http://pleiades.stoa.org/places/857291","Psoron Limen/Hyssos/Sousarmia/Sousourmena/‘Ysiporto’|Psoron Limen/Hyssos/Sousarmia/Sousourmena/‘Ysiporto’, Araklıçarşısı","-0550/0640","40.942435","40.039388","station","VERIFIED","","","",""
"1e3f8a7c-c10b-4849-84cd-ca8396cad16a","Arriano.txt","Trapezunte","char-offset:6388","PLACE","http://pleiades.stoa.org/places/857359","Trapezus|Trapezous/Trapezus, Trabzon","-3200/2000","41.005877","39.728451","settlement","VERIFIED","","","",""
"9df469bc-4383-4f87-a86f-0a2c70b86583","Arriano.txt","ciento ochenta  estadios","char-offset:6399","EVENT","","","","","","","","","","",""
"8e06b682-3c42-4b01-97aa-ab92829f7443","Arriano.txt","Ofis","char-offset:6439","PLACE","http://pleiades.stoa.org/places/857257","Ophis|Ophis, Of","-0030/0640","40.937952","40.264282","settlement","VERIFIED","","","",""
"973bba60-16c9-40a2-9439-fea72a788c30","Arriano.txt","Issos","char-offset:6473","PLACE","http://pleiades.stoa.org/places/857291","Psoron Limen/Hyssos/Sousarmia/Sousourmena/‘Ysiporto’|Psoron Limen/Hyssos/Sousarmia/Sousourmena/‘Ysiporto’, Araklıçarşısı","-0550/0640","40.942435","40.039388","station","VERIFIED","","","",""
"6957608c-dd73-4a32-bcb6-ac7f60d371ed","Arriano.txt","noventa estadios","char-offset:6495","EVENT","","","","","","","","","","",""
"29c2534d-f4f5-48c0-a51d-1c5425229b85","Arriano.txt","Psicros","char-offset:6595","PLACE","http://pleiades.stoa.org/places/857292","Psychros (river)","-0030/0640","40.5","40.5","river","VERIFIED","","","",""
"ec737ad4-5271-4800-b57f-73fe1e283075","Arriano.txt","Ofis","char-offset:6616","PLACE","http://pleiades.stoa.org/places/857257","Ophis|Ophis, Of","-0030/0640","40.937952","40.264282","settlement","VERIFIED","","","",""
"4e3e36ac-8d78-485f-a0e6-bcf477e6b8b7","Arriano.txt","Kalos","char-offset:6666","PLACE","http://pleiades.stoa.org/places/857180","Kalos (river)","-0030/0640","40.5","40.5","river","VERIFIED","","","",""
"ed58f22b-140b-44d9-bc8a-3a924f9e6a6a","Arriano.txt","Psicros","char-offset:6696","PLACE","http://pleiades.stoa.org/places/857292","Psychros (river)","-0030/0640","40.5","40.5","river","VERIFIED","","","",""
"1f194547-3d54-4a79-a03c-03e741bf446d","Arriano.txt","Psicros","char-offset:6727","PLACE","http://pleiades.stoa.org/places/857292","Psychros (river)","-0030/0640","40.5","40.5","river","VERIFIED","","","",""
"18cf552d-ef0c-449f-9a10-613e86685d73","Arriano.txt","Rizios","char-offset:6745","PLACE","http://pleiades.stoa.org/places/857297","Rhizaion|Rhizaion, Rize","-1200/2000","41.03206","40.497928","settlement","VERIFIED","","","",""
"c1da4cc7-1fc8-4e88-8435-06d7842de4fa","Arriano.txt","Kalos","char-offset:6787","PLACE","http://pleiades.stoa.org/places/857180","Kalos (river)","-0030/0640","40.5","40.5","river","VERIFIED","","","",""
"a399e1b8-62e6-4d95-a63e-766a9f6cdd8c","Arriano.txt","Askuros","char-offset:6823","PLACE","http://pleiades.stoa.org/places/857047","Askouros (river)","-0030/0640","41.0214685","40.5770805","river","VERIFIED","","","",""
"1909506a-db34-4878-b5dc-5ac17a72bd21","Arriano.txt","Adienos","char-offset:6865","PLACE","http://pleiades.stoa.org/places/857011","Adienos (river)","-0030/0640","41.5","40.5","river","VERIFIED","","","",""
"c0737f27-6e28-4da0-99ec-413c4dc862b5","Arriano.txt","Askuros","char-offset:6890","PLACE","http://pleiades.stoa.org/places/857047","Askouros (river)","-0030/0640","41.0214685","40.5770805","river","VERIFIED","","","",""
"99d6f833-e830-426e-853d-4555c600b78c","Arriano.txt","Zagatis","char-offset:7024","PLACE","http://pleiades.stoa.org/places/857378","Zagatis (river)","-0030/0640","41.5","40.5","river","VERIFIED","","","",""
"c78eff9f-dd73-4325-9f7a-c83f422640b2","Arriano.txt","Prítanis","char-offset:7093","PLACE","http://pleiades.stoa.org/places/857290","Prytanis (river)","-0550/0640","40.5","40.5","river","VERIFIED","","","",""
"271307bf-9b12-4e00-887c-6c3d32e8cf72","Arriano.txt","Prítanis","char-offset:7209","PLACE","http://pleiades.stoa.org/places/857290","Prytanis (river)","-0550/0640","40.5","40.5","river","VERIFIED","","","",""
"be6ee47d-6fec-4ab6-9f0b-e5bf742010ef","Arriano.txt","Pyxites","char-offset:7235","PLACE","http://pleiades.stoa.org/places/857295","Pyxites (river)","-0550/0640","41.5","41.5","river","VERIFIED","","","",""
"e58012ac-4552-442b-a994-8899bd01ff14","Arriano.txt","Pyxites","char-offset:7292","PLACE","http://pleiades.stoa.org/places/857295","Pyxites (river)","-0550/0640","41.5","41.5","river","VERIFIED","","","",""
"762fd746-3e69-4272-bea1-5a0e8bf58eb7","Arriano.txt","Apsaros","char-offset:7353","PLACE","http://pleiades.stoa.org/places/857032","Apsaros/Apsyrtos|Apsaros/Apsyrtos, Gonio","-0330/0640","41.573247","41.573661","settlement","VERIFIED","","","",""
"7d051dc6-a9c3-49a2-acfb-e1ab2b5412cc","Arriano.txt","Apsaros","char-offset:7383","PLACE","http://pleiades.stoa.org/places/857032","Apsaros/Apsyrtos|Apsaros/Apsyrtos, Gonio","-0330/0640","41.573247","41.573661","settlement","VERIFIED","","","",""
"5d750e43-8688-4c88-836d-8d23763ecd8c","Arriano.txt","Acampsis","char-offset:7425","PLACE","http://pleiades.stoa.org/places/857015","Akampsis (river)","-0550/0640","40.8877953","41.7156362","river","VERIFIED","","","",""
"2698453f-d836-4b3f-a6dc-42317d92abca","Arriano.txt","Apsaros","char-offset:7467","PLACE","http://pleiades.stoa.org/places/857032","Apsaros/Apsyrtos|Apsaros/Apsyrtos, Gonio","-0330/0640","41.573247","41.573661","settlement","VERIFIED","","","",""
"7908bfd4-f528-4a0e-b338-31e6f79c0555","Arriano.txt","Bathus","char-offset:7495","PLACE","http://pleiades.stoa.org/places/857059","Bathys (river)","-0030/0300","41.5","41.5","river","VERIFIED","","","",""
"ab60a94f-6fb6-44a4-b1f8-25a67a6ae127","Arriano.txt","Akinases","char-offset:7533","PLACE","http://pleiades.stoa.org/places/857017","Akinases (river)","-0030/0300","41.5","41.5","river","VERIFIED","","","",""
"9cd96abf-1cef-4426-9640-71df2402a172","Arriano.txt","Bathus","char-offset:7546","PLACE","http://pleiades.stoa.org/places/857059","Bathys (river)","-0030/0300","41.5","41.5","river","VERIFIED","","","",""
"fab497ef-bccc-481d-b62c-6d42b0e0366d","Arriano.txt","Isis","char-offset:7589","PLACE","http://pleiades.stoa.org/places/857173","Isis (river)","-0330/0640","41.5","41.5","river","VERIFIED","","","",""
"073a8044-69c3-4d6a-b4c1-bdaf14e7815c","Arriano.txt","Acampsis","char-offset:7618","PLACE","http://pleiades.stoa.org/places/857015","Akampsis (river)","-0550/0640","40.8877953","41.7156362","river","VERIFIED","","","",""
"80e8b073-11fb-493b-90c1-2922c5932b39","Arriano.txt","Isis","char-offset:7635","PLACE","http://pleiades.stoa.org/places/857173","Isis (river)","-0330/0640","41.5","41.5","river","VERIFIED","","","",""
"8c481c48-243b-4057-86f3-cced263bdb67","Arriano.txt","Isis","char-offset:7719","PLACE","http://pleiades.stoa.org/places/857173","Isis (river)","-0330/0640","41.5","41.5","river","VERIFIED","","","",""
"73f2759d-4c5f-4e8d-8107-f233667a588a","Arriano.txt","Mogros","char-offset:7727","PLACE","http://pleiades.stoa.org/places/857237","Mogros/Nigrus (river)|Mogros fl./Nigrus fl./‘Nigro’, Supsa","-0330/0640","42.04357","41.81359","river","VERIFIED","","","",""
"1f02e3c5-6f15-4789-b5a2-9181901f43d4","Arriano.txt","noventa estadios","char-offset:7740","EVENT","","","","","","","","","","",""
"0096ca33-e711-40d9-9cd5-a0c9223e2734","Arriano.txt","Mogros","char-offset:7766","PLACE","http://pleiades.stoa.org/places/857237","Mogros/Nigrus (river)|Mogros fl./Nigrus fl./‘Nigro’, Supsa","-0330/0640","42.04357","41.81359","river","VERIFIED","","","",""
"585531a5-90b0-479b-827f-666ac81bc6ff","Arriano.txt","Isis","char-offset:7779","PLACE","http://pleiades.stoa.org/places/857173","Isis (river)","-0330/0640","41.5","41.5","river","VERIFIED","","","",""
"13e8a4c4-5c51-42ad-8466-8aecb86ae940","Arriano.txt","Fasis","char-offset:7829","PLACE","http://pleiades.stoa.org/places/857275","Phasis|Phasis, Poti","-0550/0640","42.121777","41.717213","settlement","VERIFIED","","","",""
"38a42c9e-ecef-46e3-8f02-4abb1c71da3e","Arriano.txt","Mogros","char-offset:7877","PLACE","http://pleiades.stoa.org/places/857237","Mogros/Nigrus (river)|Mogros fl./Nigrus fl./‘Nigro’, Supsa","-0330/0640","42.04357","41.81359","river","VERIFIED","","","",""
"e6359743-ddb8-41b6-8e8b-4a312aea0792","Arriano.txt","Fasis","char-offset:8914","PLACE","http://pleiades.stoa.org/places/857275","Phasis|Phasis, Poti","-0550/0640","42.121777","41.717213","settlement","VERIFIED","","","",""
"f1d55796-94d9-4b25-93ac-c6de36e031da","Arriano.txt","Fasis","char-offset:9066","PLACE","http://pleiades.stoa.org/places/857275","Phasis|Phasis, Poti","-0550/0640","42.121777","41.717213","settlement","VERIFIED","","","",""
"560d8263-7b16-4d81-a418-1d00a0e12cb6","Arriano.txt","Fasis","char-offset:9328","PLACE","http://pleiades.stoa.org/places/857275","Phasis|Phasis, Poti","-0550/0640","42.121777","41.717213","settlement","VERIFIED","","","",""
"7db05552-1d4f-4f1d-87ae-5450551f16be","Arriano.txt","Fasis","char-offset:9470","PLACE","http://pleiades.stoa.org/places/857275","Phasis|Phasis, Poti","-0550/0640","42.121777","41.717213","settlement","VERIFIED","","","",""
"ebb9080f-2dbb-4f32-be55-2c393c617de2","Arriano.txt","Fasis","char-offset:11345","PLACE","http://pleiades.stoa.org/places/857275","Phasis|Phasis, Poti","-0550/0640","42.121777","41.717213","settlement","VERIFIED","","","",""
"de738a7d-f052-4d3e-b2aa-e2afe47c1816","Arriano.txt","noventa estadios","char-offset:11393","EVENT","","","","","","","","","","",""
"db664813-f985-4cac-a322-5cf7902d2e85","Arriano.txt","Jobos","char-offset:11469","PLACE","http://pleiades.stoa.org/places/857092","Chorsos/Chobos (river)|Chorsos fl./Chobos fl., Enguri river","-0550/0640","42.41593","41.64585","river","VERIFIED","","","",""
"d9328999-09a5-487e-9623-72b7fbbe6d65","Arriano.txt","Jobos","char-offset:11651","PLACE","http://pleiades.stoa.org/places/857092","Chorsos/Chobos (river)|Chorsos fl./Chobos fl., Enguri river","-0550/0640","42.41593","41.64585","river","VERIFIED","","","",""
"f14318c4-7ebf-4f50-aed5-dff2f7a60e43","Arriano.txt","Sigamos","char-offset:11688","PLACE","http://pleiades.stoa.org/places/857318","Sigames/Sicanabis (river)","-0030/0640","42.5","41.5","river","VERIFIED","","","",""
"57b7ae44-4564-409c-9016-1aac7ed2cab4","Arriano.txt","Jobos","char-offset:11708","PLACE","http://pleiades.stoa.org/places/857092","Chorsos/Chobos (river)|Chorsos fl./Chobos fl., Enguri river","-0550/0640","42.41593","41.64585","river","VERIFIED","","","",""
"9bbd4ab3-7583-47eb-b9c6-09194b182bbe","Arriano.txt","Sigamos","char-offset:11763","PLACE","http://pleiades.stoa.org/places/857318","Sigames/Sicanabis (river)","-0030/0640","42.5","41.5","river","VERIFIED","","","",""
"78e36d2e-1acb-42d2-a434-9ae47fdb9879","Arriano.txt","Tarsuras","char-offset:11778","PLACE","http://pleiades.stoa.org/places/857236","Moches/Tarsouras?/Thersos?/Kyaneos?/Gyenos? (river)|Moches/Tarsouras?/Thersos?/Kyaneos?/Gyenos?, Mokvi river","-0330/0640","42.76436","41.44662","river","VERIFIED","","","",""
"a49fa860-68c0-4a13-b631-aa2f6d75f3da","Arriano.txt","Hipos","char-offset:11841","PLACE","http://pleiades.stoa.org/places/857163","Hippos (river)","-0030/0640","42.5","41.5","river","VERIFIED","","","",""
"0ba1ace6-eccc-4e6d-a1f7-0148b47d3534","Arriano.txt","Tarsuras","char-offset:11857","PLACE","http://pleiades.stoa.org/places/857236","Moches/Tarsouras?/Thersos?/Kyaneos?/Gyenos? (river)|Moches/Tarsouras?/Thersos?/Kyaneos?/Gyenos?, Mokvi river","-0330/0640","42.76436","41.44662","river","VERIFIED","","","",""
"65aa225a-6962-4378-92a4-e20e91a91f5b","Arriano.txt","Astelefos","char-offset:11898","PLACE","http://pleiades.stoa.org/places/857049","Astelephos/Euripos (river)|Astelephosfl./Euripos fl., Skurcha","-0030/0640","42.81645","41.17202","river","VERIFIED","","","",""
"615217d7-b8c8-49c5-ac00-4d56cff1cb69","Arriano.txt","Hipos","char-offset:11912","PLACE","http://pleiades.stoa.org/places/857163","Hippos (river)","-0030/0640","42.5","41.5","river","VERIFIED","","","",""
"c62cb67d-ef1d-4226-a1b4-539d3f57d68f","Arriano.txt","Astelefos","char-offset:11943","PLACE","http://pleiades.stoa.org/places/857049","Astelephos/Euripos (river)|Astelephosfl./Euripos fl., Skurcha","-0030/0640","42.81645","41.17202","river","VERIFIED","","","",""
"333f18d9-e401-4baa-b180-d5c573c68ee8","Arriano.txt","Sebastópolis","char-offset:11959","PLACE","http://pleiades.stoa.org/places/857107","Dioscurias/Sebastopolis|Dioscurias/Sebastopolis, Sukhumi","-0550/0640","42.99535","41.0181","settlement","VERIFIED","","","",""
"4d1ad1c8-8f0e-4b10-b1c0-b361bfe9af32","Arriano.txt","Astelefos","char-offset:12025","PLACE","http://pleiades.stoa.org/places/857049","Astelephos/Euripos (river)|Astelephosfl./Euripos fl., Skurcha","-0030/0640","42.81645","41.17202","river","VERIFIED","","","",""
"4b7adef0-dd61-47a9-ad74-1e075bb983db","Arriano.txt","Jobos","char-offset:12314","PLACE","http://pleiades.stoa.org/places/857092","Chorsos/Chobos (river)|Chorsos fl./Chobos fl., Enguri river","-0550/0640","42.41593","41.64585","river","VERIFIED","","","",""
"4d026bf9-5400-490e-8f75-8ba5c1c65a7c","Arriano.txt","Sebastópolis","char-offset:12322","PLACE","http://pleiades.stoa.org/places/857107","Dioscurias/Sebastopolis|Dioscurias/Sebastopolis, Sukhumi","-0550/0640","42.99535","41.0181","settlement","VERIFIED","","","",""
"a55af763-6d19-4dcb-8d70-5c15e33893e7","Arriano.txt","Trapezunte","char-offset:12364","PLACE","http://pleiades.stoa.org/places/857359","Trapezus|Trapezous/Trapezus, Trabzon","-3200/2000","41.005877","39.728451","settlement","VERIFIED","","","",""
"c467cd2b-44c0-4344-bba2-42d5ab9e4345","Arriano.txt","Sebastópolis","char-offset:12382","PLACE","http://pleiades.stoa.org/places/857107","Dioscurias/Sebastopolis|Dioscurias/Sebastopolis, Sukhumi","-0550/0640","42.99535","41.0181","settlement","VERIFIED","","","",""
"f69154f2-bb2d-4941-a413-b8c1185c6011","Arriano.txt","Jenofonte","char-offset:12549","PERSON","","","","","","","","","","",""
"e1138f3d-ddc1-4f10-8e94-9db3d2284e8d","Arriano.txt","coljos","char-offset:12584","PLACE","http://pleiades.stoa.org/places/863770","Colchis/Lazike","-0750/0640","42.5","42.5","region","VERIFIED","","","",""
"f758348f-0f11-47c2-8f21-ddf7d8621eb2","Arriano.txt","drilas","char-offset:12703","PLACE","http://pleiades.stoa.org/places/857113","Drilai","-0550/0640","40.5","39.5","people","VERIFIED","","","",""
"e994bbca-6be0-4240-9c25-2c13f68db652","Arriano.txt","zudreitas","char-offset:13251","PLACE","http://pleiades.stoa.org/places/857387","Zydreitai","-0330/0300","41.5","41.5","people","VERIFIED","","","",""
"00ba9245-79ba-4b87-8cbd-667335459d41","Arriano.txt","apsilas","char-offset:13395","PLACE","http://pleiades.stoa.org/places/857034","Apsilia","-0330/0640","43.5","41.5","people","VERIFIED","","","",""
"59e6f8e3-6e84-4ea5-8e3a-fe15f20d6d4f","Arriano.txt","apsilas","char-offset:13492","PLACE","http://pleiades.stoa.org/places/857034","Apsilia","-0330/0640","43.5","41.5","people","VERIFIED","","","",""
"0de4c748-534c-4a02-842f-cc888d32a831","Arriano.txt","abascos","char-offset:13508","PLACE","http://pleiades.stoa.org/places/857007","Abaskos? (river)","-0330/0640","43.3745973989867","40.0854074105408","river","VERIFIED","","","",""
"79d5a971-3c7e-4909-97f4-092e05e42e0b","Arriano.txt","abascos","char-offset:13534","PLACE","http://pleiades.stoa.org/places/857007","Abaskos? (river)","-0330/0640","43.3745973989867","40.0854074105408","river","VERIFIED","","","",""
"fbd40620-5c3d-43d5-8bab-d2e7ac7035d2","Arriano.txt","abascos","char-offset:13600","PLACE","http://pleiades.stoa.org/places/857007","Abaskos? (river)","-0330/0640","43.3745973989867","40.0854074105408","river","VERIFIED","","","",""
"633bbfa0-c32d-4017-81ba-e0abdec0779a","Arriano.txt","sanigas","char-offset:13630","PLACE","http://pleiades.stoa.org/places/857302","Sanigai","-0330/0640","43.1780631622007","40.6141308145728","people","VERIFIED","","","",""
"a39a0cc7-8d2a-4c1c-85f1-95bab82eddf9","Arriano.txt","sanigas","char-offset:13691","PLACE","http://pleiades.stoa.org/places/857302","Sanigai","-0330/0640","43.1780631622007","40.6141308145728","people","VERIFIED","","","",""
"34fc33b1-588f-425b-bdbd-dc2f13839b2b","Arriano.txt","Apsaros","char-offset:13835","PLACE","http://pleiades.stoa.org/places/857032","Apsaros/Apsyrtos|Apsaros/Apsyrtos, Gonio","-0330/0640","41.573247","41.573661","settlement","VERIFIED","","","",""
"1317240a-6d16-41c5-baa1-dbb9d319edd7","Arriano.txt","Jobos","char-offset:13980","PLACE","http://pleiades.stoa.org/places/857092","Chorsos/Chobos (river)|Chorsos fl./Chobos fl., Enguri river","-0550/0640","42.41593","41.64585","river","VERIFIED","","","",""
"9b28ec9d-707c-421d-889e-912a0f8844fe","Arriano.txt","Sigames","char-offset:14008","PLACE","http://pleiades.stoa.org/places/857318","Sigames/Sicanabis (river)","-0030/0640","42.5","41.5","river","VERIFIED","","","",""
"ba93f37b-1854-490f-9665-27e57b90096c","Arriano.txt","Astelefos","char-offset:14127","PLACE","http://pleiades.stoa.org/places/857049","Astelephos/Euripos (river)|Astelephosfl./Euripos fl., Skurcha","-0030/0640","42.81645","41.17202","river","VERIFIED","","","",""
"2ffdb3c3-431d-4667-ae73-7c293bb5de5a","Arriano.txt","Astelefos","char-offset:14292","PLACE","http://pleiades.stoa.org/places/857049","Astelephos/Euripos (river)|Astelephosfl./Euripos fl., Skurcha","-0030/0640","42.81645","41.17202","river","VERIFIED","","","",""
"b2d5e7c1-5265-4720-bd3d-18230bc4343e","Arriano.txt","Cáucaso","char-offset:14343","PLACE","http://pleiades.stoa.org/places/863766","Caucasus (mountain range)|Caucasus Mons, Caucasus Mountains","-0030/0300","43.3525468","42.4378759","mountain","VERIFIED","","","",""
"40319cb3-6365-4760-82a5-0b60d77830e1","Arriano.txt","Strobilos","char-offset:14439","PLACE","http://pleiades.stoa.org/places/857336","Strobilos? M.|Strobilos? Mons, Azikhva","-0330/0300","43.2215705","41.152269","mountain","VERIFIED","","","",""
"7b7de5bc-2b0f-47a0-aa2d-192959fdbdd3","Arriano.txt","Bósforo Tracio","char-offset:14587","PLACE","http://pleiades.stoa.org/places/520977","Bosphorus","-0550/0640","41.119444","29.075278","water-open","VERIFIED","","","",""
"77b5ff40-76d8-49d6-b088-d2057a8c8322","Arriano.txt","Trapezunte","char-offset:14637","PLACE","http://pleiades.stoa.org/places/857359","Trapezus|Trapezous/Trapezus, Trabzon","-3200/2000","41.005877","39.728451","settlement","VERIFIED","","","",""
"86c6c923-d83d-429b-a452-2ce6c7ae853c","Arriano.txt","Bizantio","char-offset:14696","PLACE","http://pleiades.stoa.org/places/521034","Hieron (Byzantion)|Hieron (Byzantion), Rumelikavağı","-0330/0300","41.1812426","29.0735977","temple","VERIFIED","","","",""
"58be2ca1-4f8d-48d1-8280-3cb02bdc4862","Arriano.txt","Propóntide","char-offset:14815","PLACE","http://pleiades.stoa.org/places/511381","Propontis","-0550/2100","40.6666672","28.2499999","water-open","VERIFIED","","","",""
"a528a960-07a7-414c-b596-84ea42a93578","Arriano.txt","Rebas","char-offset:14909","PLACE","http://pleiades.stoa.org/places/521134","Rhebas|Rhebas, Rıva","-0330/0640","41.22441","29.220059","settlement","VERIFIED","","","",""
"bd1b5642-5b66-41ea-9964-b50c08b2a3e5","Arriano.txt","Artanes","char-offset:15049","PLACE","http://pleiades.stoa.org/places/511162","Artanes (river)","-0330/0300","41.25","29.75","river","VERIFIED","","","",""
"66da37f3-1f27-48aa-a745-5985ba07ec52","Arriano.txt","Artanes","char-offset:15166","PLACE","http://pleiades.stoa.org/places/511162","Artanes (river)","-0330/0300","41.25","29.75","river","VERIFIED","","","",""
"85ea51c7-3c68-4590-b5d4-40c89151e3af","Arriano.txt","Psilis","char-offset:15187","PLACE","http://pleiades.stoa.org/places/845050","Psilis/Papanios (river)","0300/0640","41.5","32.5","river","VERIFIED","","","",""
"ad80069f-0bf6-4ab7-a39e-fd34b215ccb4","Arriano.txt","Roes","char-offset:15677","PLACE","http://pleiades.stoa.org/places/511400","Rhoe|Rhoe, Kefken","-0030/0640","41.168505","30.227622","settlement","VERIFIED","","","",""
"5732a295-7995-4ee5-8dda-7221d0cd0803","Arriano.txt","Roes","char-offset:15741","PLACE","http://pleiades.stoa.org/places/511400","Rhoe|Rhoe, Kefken","-0030/0640","41.168505","30.227622","settlement","VERIFIED","","","",""
"72e0444a-d6bd-416a-8b00-75f8c8b3e225","Arriano.txt","Apolonia","char-offset:15771","PLACE","http://pleiades.stoa.org/places/594947","Apollonia","","","","unlocated","VERIFIED","","","",""
"2e7971f5-3985-43b9-a457-60839436d2f1","Arriano.txt","Gelas","char-offset:15877","PLACE","http://pleiades.stoa.org/places/520992","Chelai/Philemporos|Chelai/Philemporos, Bebek","-0030/0640","41.078024","29.043942","settlement","VERIFIED","","","",""
"d5ceba38-7965-4b7c-a9e5-57c1c7a4ed09","Arriano.txt","Gelas","char-offset:15904","PLACE","http://pleiades.stoa.org/places/520992","Chelai/Philemporos|Chelai/Philemporos, Bebek","-0030/0640","41.078024","29.043942","settlement","VERIFIED","","","",""
"6c624581-6222-4414-9ab6-f6e714533c2a","Arriano.txt","Sangarios","char-offset:15955","PLACE","http://pleiades.stoa.org/places/511406","Sangarius (river)","-1750/2000","40.99129035","30.592850650000003","river","VERIFIED","","","",""
"4f16b081-2162-41c3-84a5-0a967399a5ce","Arriano.txt","Hipios","char-offset:16034","PLACE","http://pleiades.stoa.org/places/844950","Hypios (river)","-0330/0640","40.5","30.5","river","VERIFIED","","","",""
"56d4bdb1-8769-42a5-9b64-f2f2ec609eec","Arriano.txt","Lilaios","char-offset:16097","PLACE","http://pleiades.stoa.org/places/845005","Lilaios|Lilaios, E Akçakoca","-0030/0640","41.09037","31.186582","settlement","VERIFIED","","","",""
"c2b7aaf0-fb64-49e6-8694-e6292cb4ef1a","Arriano.txt","Hipios","char-offset:16114","PLACE","http://pleiades.stoa.org/places/844950","Hypios (river)","-0330/0640","40.5","30.5","river","VERIFIED","","","",""
"2ec983d1-5431-4dd5-8259-1f44b98331ad","Arriano.txt","Lilaios","char-offset:16138","PLACE","http://pleiades.stoa.org/places/845005","Lilaios|Lilaios, E Akçakoca","-0030/0640","41.09037","31.186582","settlement","VERIFIED","","","",""
"9a02a332-c3ec-438f-8418-a5ef05982fb3","Arriano.txt","Elaion","char-offset:16152","PLACE","http://pleiades.stoa.org/places/573197","Elaion M.","","","","unlocated","VERIFIED","","","",""
"4af25fb9-fe08-42e2-beb2-57f931e5a073","Arriano.txt","Heraclea","char-offset:16297","PLACE","http://pleiades.stoa.org/places/844944","Heraclea|Heraclea/Herakleia, Karadeniz Ereğli","-0550/0640","41.284722","31.414722","settlement","VERIFIED","","","",""
"9409b801-7586-484b-9eec-59799084ed64","Arriano.txt","Heraclea","char-offset:16368","PLACE","http://pleiades.stoa.org/places/844944","Heraclea|Heraclea/Herakleia, Karadeniz Ereğli","-0550/0640","41.284722","31.414722","settlement","VERIFIED","","","",""
"3ec3ab45-7c2e-4117-8fb7-7662a7067215","Arriano.txt","Heraclea","char-offset:16411","PLACE","http://pleiades.stoa.org/places/844944","Heraclea|Heraclea/Herakleia, Karadeniz Ereğli","-0550/0640","41.284722","31.414722","settlement","VERIFIED","","","",""
"9ebf8370-488f-45b8-a9ac-067ab9667ac5","Arriano.txt","Metron","char-offset:16442","PLACE","http://pleiades.stoa.org/places/845017","Metroon/Aulia|Metroon/Aulia, near Köseağzı","-0030/0640","41.346777","31.481785","settlement","VERIFIED","","","",""
"54b00439-32b5-4d82-9040-ebfab38cd902","Arriano.txt","Poseidón","char-offset:16487","PLACE","http://pleiades.stoa.org/places/845043","Poseidon, T.|Poseidon, mouth of Bartin Su","-0030/0300","41.686799","32.250706","sanctuary","VERIFIED","","","",""
"616ce25e-0d89-48a3-92fa-0e31a70bea61","Arriano.txt","Tindáridas","char-offset:16514","PLACE","http://pleiades.stoa.org/places/847912","Tyndaridai/Kyrsaita","-0030/0640","","","unlocated","VERIFIED","","","",""
"c292562f-0248-41bd-8c49-048103f0dd32","Arriano.txt","Oxinas","char-offset:16600","PLACE","http://pleiades.stoa.org/places/845030","Oxinas|Oxinas, Oksina?","-0030/0640","41.407123","31.674661","settlement","VERIFIED","","","",""
"22b2d988-bff8-4453-afa6-9a0caf670daf","Arriano.txt","Oxinas","char-offset:16622","PLACE","http://pleiades.stoa.org/places/845030","Oxinas|Oxinas, Oksina?","-0030/0640","41.407123","31.674661","settlement","VERIFIED","","","",""
"f95ad907-e797-4460-923e-a1fbd4734673","Arriano.txt","Sandaraca","char-offset:16635","PLACE","http://sws.geonames.org/737022","Zonguldak","","41.45139","31.79305","","VERIFIED","","","",""
"557240b0-b5bb-4207-b8f2-463884748284","Arriano.txt","Sandaraca","char-offset:16673","PLACE","http://sws.geonames.org/737022","Zonguldak","","41.45139","31.79305","","VERIFIED","","","",""
"b910e971-b028-4182-9e52-845e9b90897d","Arriano.txt","Crenidas","char-offset:16724","PLACE","http://pleiades.stoa.org/places/844992","Krenides|Krenides, Kilimli","-0330/0640","41.490647","31.8409485","settlement","VERIFIED","","","",""
"ea836e32-b956-435b-8989-0087148d2eca","Arriano.txt","Crenidas","char-offset:16747","PLACE","http://pleiades.stoa.org/places/844992","Krenides|Krenides, Kilimli","-0330/0640","41.490647","31.8409485","settlement","VERIFIED","","","",""
"6b89dd72-7ad8-432d-828e-da9a043f8cab","Arriano.txt","Psilas","char-offset:16777","PLACE","http://pleiades.stoa.org/places/845050","Psilis/Papanios (river)","0300/0640","41.5","32.5","river","VERIFIED","","","",""
"4d82f64f-cd76-44f4-80e2-da4f50365f6e","Arriano.txt","Bilaios","char-offset:16938","PLACE","http://pleiades.stoa.org/places/844877","Billaios (river)","-0330/0640","41.1920125","32.6145125","river","VERIFIED","","","",""
"c14b07bd-8fa4-4163-8f0b-12c8d28889d3","Arriano.txt","Bilaios","char-offset:16973","PLACE","http://pleiades.stoa.org/places/844877","Billaios (river)","-0330/0640","41.1920125","32.6145125","river","VERIFIED","","","",""
"812954ec-8980-4a11-85b8-82aded2f0b00","Arriano.txt","Partenion","char-offset:16999","PLACE","http://pleiades.stoa.org/places/845036","Parthenios (river)","-0750/0640","41.5","32.5","river","VERIFIED","","","",""
"8a52d02a-ef03-480a-9e43-c65c5043ad11","Arriano.txt","Jenofonte","char-offset:17104","PERSON","","","","","","","","","","",""
"5ce7013a-92f6-4b6b-a96c-028c193df01e","Arriano.txt","Jenofonte","char-offset:17338","PERSON","","","","","","","","","","",""
"b0e03265-d17e-467e-bd4e-83e2abc27506","Arriano.txt","Paflagonia","char-offset:17376","PLACE","http://pleiades.stoa.org/places/845034","Paphlagonia (region)","-0750/0640","41.44846296666666","33.23855021666667","region","VERIFIED","","","",""
"70787013-f491-4cd6-a320-0973879a01cd","Arriano.txt","Amastris","char-offset:17423","PLACE","http://pleiades.stoa.org/places/844856","Amastris/Sesamos|Amastris/Sesamos, Amasra","-0750/0640","41.746969","32.385648","settlement","VERIFIED","","","",""
"caa441f6-4026-43fa-bbfb-bfb3803e1ef0","Arriano.txt","Erythinos","char-offset:17486","PLACE","http://pleiades.stoa.org/places/844918","Eryth(r)inoi|Erythrinoi/Erythinoi, Çakraz","-0750/0640","41.779469","32.484075","settlement","VERIFIED","","","",""
"9f1d1aab-0ff1-4dd5-ac28-671710804a8e","Arriano.txt","Erythinos","char-offset:17519","PLACE","http://pleiades.stoa.org/places/844918","Eryth(r)inoi|Erythrinoi/Erythinoi, Çakraz","-0750/0640","41.779469","32.484075","settlement","VERIFIED","","","",""
"44fda8fb-c4e9-4712-ba85-b74e265a8125","Arriano.txt","Kitoros","char-offset:17573","PLACE","http://pleiades.stoa.org/places/844997","Kytoros|Kytoros, Kidros/Sütlüce","-0750/0640","41.85942","32.85803","settlement","VERIFIED","","","",""
"169f4d45-ad88-4b9f-b285-c77c7976100c","Arriano.txt","Kitoros","char-offset:17601","PLACE","http://pleiades.stoa.org/places/844997","Kytoros|Kytoros, Kidros/Sütlüce","-0750/0640","41.85942","32.85803","settlement","VERIFIED","","","",""
"81073933-6e1b-47b3-88c0-390bd1c92231","Arriano.txt","Kitoros","char-offset:17645","PLACE","http://pleiades.stoa.org/places/844997","Kytoros|Kytoros, Kidros/Sütlüce","-0750/0640","41.85942","32.85803","settlement","VERIFIED","","","",""
"ed554fc5-22b8-48b5-ab0d-365bcbc6fe41","Arriano.txt","Aigíalo","char-offset:17659","PLACE","http://pleiades.stoa.org/places/844852","Aigialos|Aigialos, Karaağaç Limanı","-0750/0640","41.891894","33.002438","settlement","VERIFIED","","","",""
"1a38d5eb-e33a-48dc-b986-72c25b5084b3","Arriano.txt","Thumena","char-offset:17687","PLACE","http://pleiades.stoa.org/places/845079","Thymena/Teuthrania?|Thymena/Teuthrania?, Timne/Uğurlu","-0030/0640","41.958253","33.189074","settlement","VERIFIED","","","",""
"2e760b94-ae9c-4426-97d5-e9b92458d5c9","Arriano.txt","Carambis","char-offset:17715","PLACE","http://pleiades.stoa.org/places/844971","Karambis|Karambis Pr., Kerembe burnu","-0750/2100","42.016667","33.35","cape","VERIFIED","","","",""
"c2e967e5-c117-4100-8226-62de3374f39a","Arriano.txt","Zefyrios","char-offset:17756","PLACE","http://pleiades.stoa.org/places/857384","Zephyrios Pr.|Zephyrios Pr., NW Zefre","-0550/0640","40.97427","38.64154","cape","VERIFIED","","","",""
"07fd0988-711e-4330-af04-74f1b535fdd9","Arriano.txt","Kinolis","char-offset:18049","PLACE","http://pleiades.stoa.org/places/844984","Kinolis|Kinolis, Ginoğlu","-0030/0640","41.9627125","34.154469","settlement","VERIFIED","","","",""
"564dcf18-6e82-4cc9-8d76-360765615428","Arriano.txt","Kinolis","char-offset:18076","PLACE","http://pleiades.stoa.org/places/844984","Kinolis|Kinolis, Ginoğlu","-0030/0640","41.9627125","34.154469","settlement","VERIFIED","","","",""
"33f9d0ff-d83f-4c4c-9afc-3441e1a28c00","Arriano.txt","Kinolis","char-offset:18139","PLACE","http://pleiades.stoa.org/places/844984","Kinolis|Kinolis, Ginoğlu","-0030/0640","41.9627125","34.154469","settlement","VERIFIED","","","",""
"850f1da1-9a58-4ef2-ae0e-bc9b72350f10","Arriano.txt","Potamos","char-offset:18238","PLACE","http://pleiades.stoa.org/places/609509","Potamos, T.|Potamos, Parsi Bey Köy","-0030/0300","39.686107","31.171128","temple-2","VERIFIED","","","",""
"908f07d0-3170-46dc-a97d-8017b75a030f","Arriano.txt","Leptes","char-offset:18294","PLACE","http://pleiades.stoa.org/places/845004","Lepte/Syrias Pr.|Lepte Pr./Syrias Pr., İnce Burun","-0030/0640","42.09805","34.94445","cape","VERIFIED","","","",""
"37628d32-068b-4fa1-a2c1-d23618caea7b","Arriano.txt","Leptes","char-offset:18327","PLACE","http://pleiades.stoa.org/places/845004","Lepte/Syrias Pr.|Lepte Pr./Syrias Pr., İnce Burun","-0030/0640","42.09805","34.94445","cape","VERIFIED","","","",""
"57f4d565-51d8-40a8-ad6a-2bcb7586db51","Arriano.txt","Armene","char-offset:18341","PLACE","http://pleiades.stoa.org/places/844865","Armene|Armene, Akliman","-0550/0640","42.049231","35.041878","settlement","VERIFIED","","","",""
"9ddc19e7-afeb-41a5-92d4-2428d832c896","Arriano.txt","Jenofonte","char-offset:18392","PERSON","","","","","","","","","","",""
"fd5ef177-bf28-45ef-af8e-b69e9d26cc35","Arriano.txt","Armene","char-offset:18420","PLACE","http://pleiades.stoa.org/places/844865","Armene|Armene, Akliman","-0550/0640","42.049231","35.041878","settlement","VERIFIED","","","",""
"9ecb6f15-0cbb-4484-a004-752ac60bd2a7","Arriano.txt","Sinope","char-offset:18444","PLACE","http://pleiades.stoa.org/places/857321","Sinope|Sinope, Sinop","-1750/2000","42.0206","35.14885","settlement,port","VERIFIED","","","",""
"16978e72-14ea-42d5-8f0b-2d88243154ef","Arriano.txt","Sinope","char-offset:18474","PLACE","http://pleiades.stoa.org/places/857321","Sinope|Sinope, Sinop","-1750/2000","42.0206","35.14885","settlement,port","VERIFIED","","","",""
"305d8b13-734f-4294-86a9-566f258c5b19","Arriano.txt","Sinope","char-offset:18516","PLACE","http://pleiades.stoa.org/places/857321","Sinope|Sinope, Sinop","-1750/2000","42.0206","35.14885","settlement,port","VERIFIED","","","",""
"65964eff-2dc5-4054-90dc-e18f80eae9bd","Arriano.txt","Carousa","char-offset:18529","PLACE","http://pleiades.stoa.org/places/857181","Karousa/Polichnion|Karousa/Polichnion, Gerze","-0550/0640","41.810138","35.158944","settlement","VERIFIED","","","",""
"c7c04779-99a0-4e0a-9f39-0085ad459327","Arriano.txt","Zagora","char-offset:18595","PLACE","http://pleiades.stoa.org/places/857379","Zagora|Zagora, Çayağzı","-0030/0640","41.677747","35.4111","settlement","VERIFIED","","","",""
"eace0da8-8134-4092-8fe1-32900e8127f2","Arriano.txt","Halis","char-offset:18664","PLACE","http://pleiades.stoa.org/places/857148","Halys (river)","-1750/2000","41.6767598","35.9295291","settlement,river","VERIFIED","","","",""
"5f03028e-e64f-40bb-9be3-f7068bc200cb","Arriano.txt","Halis","char-offset:18996","PLACE","http://pleiades.stoa.org/places/857148","Halys (river)","-1750/2000","41.6767598","35.9295291","settlement,river","VERIFIED","","","",""
"b4d06947-b842-4d98-9744-e37cea284219","Arriano.txt","Naustathmos","char-offset:19008","PLACE","http://pleiades.stoa.org/places/857242","Naustathmos|Naustathmos, Naustathmos","-0030/0640","41.497628","36.116602","station","VERIFIED","","","",""
"dbff1edf-141a-4052-bc11-1eac75f6113f","Arriano.txt","Conopion","char-offset:19107","PLACE","http://pleiades.stoa.org/places/857195","Konopeion Limne?","-0030/0640","41.5","36.5","unknown","VERIFIED","","","",""
"63cf94b7-7600-4f3b-b7f4-5634e32da64d","Arriano.txt","Conopion","char-offset:19139","PLACE","http://pleiades.stoa.org/places/857195","Konopeion Limne?","-0030/0640","41.5","36.5","unknown","VERIFIED","","","",""
"611e16e5-c537-4630-bccb-9dc2186cf881","Arriano.txt","Eusene","char-offset:19160","PLACE","http://pleiades.stoa.org/places/857124","Eusene|Eusene, Incesukahvesi?","-0030/0640","41.373045","36.23131","station","VERIFIED","","","",""
"c81e7ab3-3912-44d8-b46a-2d5026e53478","Arriano.txt","Amisos","char-offset:19212","PLACE","http://pleiades.stoa.org/places/857024","Amisus/Peiraieus|Amisos/Amisus/Peiraieus, Samsun","-1750/2000","41.292782","36.33128","settlement","VERIFIED","","","",""
"03bd4315-d97a-4402-bfb0-846d395d209a","Arriano.txt","Amisos","char-offset:19235","PLACE","http://pleiades.stoa.org/places/857024","Amisus/Peiraieus|Amisos/Amisus/Peiraieus, Samsun","-1750/2000","41.292782","36.33128","settlement","VERIFIED","","","",""
"234af705-b6b9-4145-a724-8ce4bea9a02e","Arriano.txt","Amisos","char-offset:19311","PLACE","http://pleiades.stoa.org/places/857024","Amisus/Peiraieus|Amisos/Amisus/Peiraieus, Samsun","-1750/2000","41.292782","36.33128","settlement","VERIFIED","","","",""
"d5b20ce7-cbd1-4307-927a-16352469d7a0","Arriano.txt","Heraclea","char-offset:19458","PLACE","http://pleiades.stoa.org/places/844944","Heraclea|Heraclea/Herakleia, Karadeniz Ereğli","-0550/0640","41.284722","31.414722","settlement","VERIFIED","","","",""
"41094b93-ea04-4383-becc-12f594737617","Arriano.txt","Thermodon","char-offset:19535","PLACE","http://pleiades.stoa.org/places/857352","Thermodon (river)","-0550/0640","41.1939559","36.9424975","river","VERIFIED","","","",""
"be955e14-8e15-4a3f-90bd-ea77b041d0dc","Arriano.txt","Thermodon","char-offset:19645","PLACE","http://pleiades.stoa.org/places/857352","Thermodon (river)","-0550/0640","41.1939559","36.9424975","river","VERIFIED","","","",""
"eb6b9446-9c92-4c3b-a0ed-5d5aad442d94","Arriano.txt","Beris","char-offset:19669","PLACE","http://pleiades.stoa.org/places/857062","Beris (river)","-0030/2100","41.15","37.11667","river","VERIFIED","","","",""
"ad03c3b6-5bea-435a-aef6-89ea186b5379","Arriano.txt","Thoaris","char-offset:19721","PLACE","http://pleiades.stoa.org/places/857355","Thoaris (river)","-0030/0640","41.5","37.5","river","VERIFIED","","","",""
"9e40c58e-c6c4-409e-85f6-9e9136439cd3","Arriano.txt","Thoaris","char-offset:19742","PLACE","http://pleiades.stoa.org/places/857355","Thoaris (river)","-0030/0640","41.5","37.5","river","VERIFIED","","","",""
"1a368bab-ff59-4e00-a7ef-9cc21bcf1bf2","Arriano.txt","Fadisane","char-offset:19846","PLACE","http://pleiades.stoa.org/places/857269","Phabda/Phadisane|Polemonion/Side|Polemonion/Side, Fatsa, Ordu|Phabda/Phadisane, Fatsa","-0330/0640","41.020013","37.530278","settlement,port","VERIFIED","","","",""
"232e3860-de45-4fbb-93b1-ba730ef04f1f","Arriano.txt","Polemonios","char-offset:19901","PLACE","http://sws.geonames.org/747155","Fatsa","","41.02778","37.50139","","VERIFIED","","","",""
"a3638e69-991b-4ce1-b0db-5cad94fa9f4d","Arriano.txt","Kilikon","char-offset:20015","PLACE","http://pleiades.stoa.org/places/857187","Kilikon Nesos|Kilikon Nesos, Hoynat Kale","-0030/0300","41.117047","37.7282708","island","VERIFIED","","","",""
"3994661d-f163-4c49-866a-8df38462ef6e","Arriano.txt","Boona","char-offset:20080","PLACE","http://pleiades.stoa.org/places/857067","Boon|Boon, Perşembe","-0030/0640","41.057078","37.776559","settlement","VERIFIED","","","",""
"2c7f5d87-cb7b-44e6-b7d1-102ae20a4dd3","Arriano.txt","Boona","char-offset:20106","PLACE","http://pleiades.stoa.org/places/857067","Boon|Boon, Perşembe","-0030/0640","41.057078","37.776559","settlement","VERIFIED","","","",""
"710a7f10-bb95-48b3-b436-3bcbff48e553","Arriano.txt","Cotúora","char-offset:20152","PLACE","http://sws.geonames.org/741100","Ordu","","40.97782","37.89047","","VERIFIED","","","",""
"01ddc687-4864-462e-a1be-2f7e727b4220","Arriano.txt","Melantio","char-offset:20325","PLACE","http://pleiades.stoa.org/places/857232","Melanthios (river)","-0030/0640","40.5","37.5","river","VERIFIED","","","",""
"b17e30c3-0143-4a61-8f10-cb6f161f6c5e","Arriano.txt","Farnakeia","char-offset:20448","PLACE","http://pleiades.stoa.org/places/857185","Kerasous/Pharnakeia|Kerasous/Pharnakeia, Giresun","-0550/2000","40.919134","38.397931","settlement","VERIFIED","","","",""
"a444fd75-7ff6-468e-81e3-89bc5b0a53f1","Arriano.txt","Farnakeia","char-offset:20478","PLACE","http://pleiades.stoa.org/places/857185","Kerasous/Pharnakeia|Kerasous/Pharnakeia, Giresun","-0550/2000","40.919134","38.397931","settlement","VERIFIED","","","",""
"67d1f119-9389-4d5f-936f-40d9ae9c31fb","Arriano.txt","Kerasos","char-offset:20512","PLACE","http://pleiades.stoa.org/places/857185","Kerasous/Pharnakeia|Kerasous/Pharnakeia, Giresun","-0550/2000","40.919134","38.397931","settlement","VERIFIED","","","",""
"dcee8c3b-0785-4ab6-abe8-2231761339b0","Arriano.txt","Aretiada","char-offset:20586","PLACE","http://pleiades.stoa.org/places/857042","Aretias/Areonesos Ins.|Aretias Ins./Areonesos Ins., Giresun Adası","-0330/0640","40.92935","38.43667","island","VERIFIED","","","",""
"2fb438ba-c188-4593-9fcf-f629c94ce078","Arriano.txt","Hermonasa","char-offset:20996","PLACE","http://pleiades.stoa.org/places/857159","Hermonassa|Hermonassa, Akçaabat","-0550/0640","41.034159","39.553424","settlement","VERIFIED","","","",""
"eca854a0-390f-4421-bdbd-f6b1633cb079","Arriano.txt","Hermonasa","char-offset:21050","PLACE","http://pleiades.stoa.org/places/857159","Hermonassa|Hermonassa, Akçaabat","-0550/0640","41.034159","39.553424","settlement","VERIFIED","","","",""
"2554addb-fee0-4032-95c9-d0b035a67a46","Arriano.txt","Trapezunte","char-offset:21066","PLACE","http://pleiades.stoa.org/places/857359","Trapezus|Trapezous/Trapezus, Trabzon","-3200/2000","41.005877","39.728451","settlement","VERIFIED","","","",""
"c7eabdd2-9e90-4b7c-b430-56234b3094da","Arriano.txt","Trapezunte","char-offset:21221","PLACE","http://pleiades.stoa.org/places/857359","Trapezus|Trapezous/Trapezus, Trabzon","-3200/2000","41.005877","39.728451","settlement","VERIFIED","","","",""
"df53dd64-9144-4da7-b180-1f39fe76c155","Arriano.txt","Trapezunte","char-offset:21322","PLACE","http://pleiades.stoa.org/places/857359","Trapezus|Trapezous/Trapezus, Trabzon","-3200/2000","41.005877","39.728451","settlement","VERIFIED","","","",""
"d57515fd-e08e-475a-bb8c-142963b2c3bc","Arriano.txt","Sebastópolis","char-offset:21374","PLACE","http://pleiades.stoa.org/places/857107","Dioscurias/Sebastopolis|Dioscurias/Sebastopolis, Sukhumi","-0550/0640","42.99535","41.0181","settlement","VERIFIED","","","",""
"9bafa3a2-d676-4100-97fa-bb8d22f0a000","Arriano.txt","Nikites","char-offset:22346","PLACE","http://sws.geonames.org/711527","Nikita","","44.51564","34.2384","","VERIFIED","","","",""
"3a45ab3e-0bef-4857-9aa6-4d8718a1f523","Arriano.txt","Abascos","char-offset:22367","PLACE","http://pleiades.stoa.org/places/857007","Abaskos? (river)","-0330/0640","43.3745973989867","40.0854074105408","river","VERIFIED","","","",""
"a2494107-1da9-43f8-b032-e3b59532b278","Arriano.txt","Borgus","char-offset:22404","PLACE","http://pleiades.stoa.org/places/857070","Bourkas/Borgys? (river)","-0030/0300","43.3860653990908","40.0079969450047","river","VERIFIED","","","",""
"1e87a416-2671-4506-a505-fde1b8003a3d","Arriano.txt","Abascos","char-offset:22425","PLACE","http://pleiades.stoa.org/places/857007","Abaskos? (river)","-0330/0640","43.3745973989867","40.0854074105408","river","VERIFIED","","","",""
"8c174920-528a-4d0c-bb0d-b44fd505533d","Arriano.txt","Nesis","char-offset:22463","PLACE","http://pleiades.stoa.org/places/857246","Nesis? (river)","-0030/0300","43.425583337732846","39.937077026053444","river","VERIFIED","","","",""
"055f3415-873c-43ec-a7f7-2572ad48c9c2","Arriano.txt","Heraclea","char-offset:22518","PLACE","http://pleiades.stoa.org/places/844944","Heraclea|Heraclea/Herakleia, Karadeniz Ereğli","-0550/0640","41.284722","31.414722","settlement","VERIFIED","","","",""
"139df241-95ad-4b54-a184-88e8a9600655","Arriano.txt","Nesis","char-offset:22551","PLACE","http://pleiades.stoa.org/places/857246","Nesis? (river)","-0030/0300","43.425583337732846","39.937077026053444","river","VERIFIED","","","",""
"0bca4b6a-ffc6-494c-9398-fd18555b4041","Arriano.txt","Masaitikes","char-offset:22563","PLACE","http://pleiades.stoa.org/places/857228","Masaitike|Masaitike, Matsesta","-0330/0640","43.522687","39.851583","settlement","VERIFIED","","","",""
"0ee4d729-1af3-4021-ae7b-a3ed4c7d7ec6","Arriano.txt","Heraclea","char-offset:22810","PLACE","http://pleiades.stoa.org/places/844944","Heraclea|Heraclea/Herakleia, Karadeniz Ereğli","-0550/0640","41.284722","31.414722","settlement","VERIFIED","","","",""
"8ea7a4e8-14c3-426c-8f72-f5fa6f5878fc","Arriano.txt","Lazike","char-offset:23009","PLACE","http://pleiades.stoa.org/places/863770","Colchis/Lazike","-0750/0640","42.5","42.5","region","VERIFIED","","","",""
"912f51dd-6a7f-47fd-9fad-9ef188cea67e","Arriano.txt","Pagras","char-offset:23129","PLACE","http://pleiades.stoa.org/places/825407","Torikos/Pagras Limen/Heptalou Limen|Torikos/Pagras Limen/Heptalou Limen, Gelendzhik","-0750/0640","44.568171","38.023726","settlement,port","VERIFIED","","","",""
"dea0f105-3a28-4c0c-96ad-f85397c6afff","Arriano.txt","Pagras","char-offset:23181","PLACE","http://pleiades.stoa.org/places/825407","Torikos/Pagras Limen/Heptalou Limen|Torikos/Pagras Limen/Heptalou Limen, Gelendzhik","-0750/0640","44.568171","38.023726","settlement,port","VERIFIED","","","",""
"5d3c579d-040c-441f-8ff3-1cee310312fc","Arriano.txt","Sindiké","char-offset:23250","PLACE","http://pleiades.stoa.org/places/825265","Gorgippia/Sindikos Limen|Gorgippia/Sindikos Limen, Anapa","-0750/0640","44.8959745","37.3098052","settlement,port","VERIFIED","","","",""
"d0aeb395-c937-4fc1-b098-039e0cb21bee","Arriano.txt","Sindiké","char-offset:23267","PLACE","http://pleiades.stoa.org/places/825265","Gorgippia/Sindikos Limen|Gorgippia/Sindikos Limen, Anapa","-0750/0640","44.8959745","37.3098052","settlement,port","VERIFIED","","","",""
"ce7b902f-40d6-482a-b58b-89db5b290661","Arriano.txt","Bósporo Cimerio","char-offset:23295","PLACE","http://pleiades.stoa.org/places/854675","Cimmerius Bosp(h)orus","-0550/0640","45.35","36.65","water-open","VERIFIED","","","",""
"1a6ddbba-0b72-417c-a3b6-818b95c1e81b","Arriano.txt","Panticapaion","char-offset:23313","PLACE","http://pleiades.stoa.org/places/854719","Pantikapaion/Bosp(h)orus|Pantikapaion/Bosphorus/Bosporus, Kerch|Kerch","-0550/0640","45.350981","36.46855","settlement,port","VERIFIED","","","",""
"bb5bb562-d41b-46b5-9cf1-bb3d89ad3bdd","Arriano.txt","Tánais","char-offset:23391","PLACE","http://pleiades.stoa.org/places/825397","Tanais|Tanais, Tanais","-0330/0640","47.268438","39.33617","settlement","VERIFIED","","","",""
"ddf7447b-2d9e-4cbf-9640-d0f3c913f842","Arriano.txt","Meotis","char-offset:23487","PLACE","http://pleiades.stoa.org/places/825318","Maeotis","-0750/0640","45.814417000000006","35.862586","water-open","VERIFIED","","","",""
"95d2c918-e174-4382-9b9f-cbcb1a3acb53","Arriano.txt","Fasis","char-offset:23603","PLACE","http://pleiades.stoa.org/places/857275","Phasis|Phasis, Poti","-0550/0640","42.121777","41.717213","settlement","VERIFIED","","","",""
"0dde90b9-6f9e-4d34-a237-e46c4a380a63","Arriano.txt","Fasis","char-offset:23902","PLACE","http://pleiades.stoa.org/places/857275","Phasis|Phasis, Poti","-0550/0640","42.121777","41.717213","settlement","VERIFIED","","","",""
"69e8388e-9f53-48d2-a555-0cd4fa0250f7","Arriano.txt","Meotis","char-offset:23993","PLACE","http://pleiades.stoa.org/places/825318","Maeotis","-0750/0640","45.814417000000006","35.862586","water-open","VERIFIED","","","",""
"1419b551-fbfe-4815-b5d5-9dc3850f0f8c","Arriano.txt","Kazeca","char-offset:24087","PLACE","http://pleiades.stoa.org/places/854694","Kazeka|Kazeka, BAtlas 87 J2 Kazeka","-0030/0640","45.023585","35.843673","settlement","VERIFIED","","","",""
"52a5a8ec-dc54-4443-a310-7a25c1f2906d","Arriano.txt","Theodosia","char-offset:24189","PLACE","http://pleiades.stoa.org/places/854743","Theodosia|Theodosia/Ardabda, Feodosia","-0550/0640","45.037564","35.371612","settlement","VERIFIED","","","",""
"a40dddeb-8121-4c5f-ae34-76f5f53ac145","Arriano.txt","Símbolo","char-offset:24535","PLACE","http://pleiades.stoa.org/places/226770","Symbolon Limen|Symbolon Limen, Symbolon Limen","-0550/0640","44.504795","33.599106","settlement","VERIFIED","","","",""
"4ef12807-7229-4de6-bf78-5bde4e417b42","Arriano.txt","Kerkinites","char-offset:24674","PLACE","http://pleiades.stoa.org/places/226654","Karkinitis Kolpos","","45.5","32.5","unknown","VERIFIED","","","",""
"325309f6-af0a-42ca-bf14-6ed5be406588","Arriano.txt","Kalos","char-offset:24807","PLACE","http://pleiades.stoa.org/places/857180","Kalos (river)","-0030/0640","40.5","40.5","river","VERIFIED","","","",""
"d28efb80-9e0a-4f08-ae85-fbed0d900cb0","Arriano.txt","Tamurakes","char-offset:24819","PLACE","http://pleiades.stoa.org/places/226775","Tamyrakes Kolpos","-0330/0300","45.5","33.5","water-open","VERIFIED","","","",""
"c83cd710-05cb-4e07-adf4-f86642d3fdce","Arriano.txt","Tamurakes","char-offset:24871","PLACE","http://pleiades.stoa.org/places/226775","Tamyrakes Kolpos","-0330/0300","45.5","33.5","water-open","VERIFIED","","","",""
"dc6187d6-3d07-475f-b70f-aab2a679d30b","Arriano.txt","Borystenes","char-offset:25066","PLACE","http://pleiades.stoa.org/places/226545","Borysthenes (island)|Borysthenes Ins., Berezan","-0750/0640","46.5941693","31.4125394","island","VERIFIED","","","",""
"e7e6c7ae-09cb-418e-90a0-bc4f41450785","Arriano.txt","Borystenes","char-offset:25107","PLACE","http://pleiades.stoa.org/places/226545","Borysthenes (island)|Borysthenes Ins., Berezan","-0750/0640","46.5941693","31.4125394","island","VERIFIED","","","",""
"09763471-64af-4002-86be-3207ef65a375","Arriano.txt","Olbia","char-offset:25174","PLACE","http://dare.ht.lu.se/places/24854","Olbia Theatre - Olbia","","46.69272683405","31.902600915935","","VERIFIED","","","",""
"50ab6163-4100-4097-af0b-61a3537ef165","Arriano.txt","Borystenes","char-offset:25185","PLACE","http://pleiades.stoa.org/places/226545","Borysthenes (island)|Borysthenes Ins., Berezan","-0750/0640","46.5941693","31.4125394","island","VERIFIED","","","",""
"10365661-f151-4a8a-aa07-3da9bc0dbade","Arriano.txt","Odesso","char-offset:25281","PLACE","http://sws.geonames.org/698740","Odessa","","46.47747","30.73262","","VERIFIED","","","",""
"27743856-8658-4896-885a-6997992e17a6","Arriano.txt","Odesso","char-offset:25300","PLACE","http://sws.geonames.org/698740","Odessa","","46.47747","30.73262","","VERIFIED","","","",""
"80d61575-74d8-4f15-8a11-ed3fdbda1dc6","Arriano.txt","Odesso","char-offset:25337","PLACE","http://sws.geonames.org/698740","Odessa","","46.47747","30.73262","","VERIFIED","","","",""
"79a64db9-3e86-407e-839d-588ecff25b1e","Arriano.txt","doscientos cincuenta","char-offset:25394","EVENT","","","","","","","","","","",""
"318b69f0-f0ec-44b5-b398-a7d1f72f6e4a","Arriano.txt","Isiacos","char-offset:25465","PLACE","http://pleiades.stoa.org/places/226634","Isiakon Limen|Isiakon Limen, Odessa","-0550/0640","46.48319","30.73102","settlement","VERIFIED","","","",""
"70d59962-3b4e-4822-ad14-0c1d90a519f4","Arriano.txt","Hister","char-offset:25562","PLACE","http://pleiades.stoa.org/places/226577","Danuvius/Istros/Hister (river)|Danuvius/Danubius/Istros/Hister, Donau","-0550/2100","45.16291","29.647293","river","VERIFIED","","","",""
"cf39933f-c26b-44ed-be4e-d19592ce9167","Arriano.txt","Thetis","char-offset:25925","PLACE","http://pleiades.stoa.org/places/825404","Thateis","-0330/0300","46.5","38.5","unknown","VERIFIED","","","",""
"a0215f4f-98b7-40e2-982f-c119c5f6e88e","Arriano.txt","Hister","char-offset:29272","PLACE","http://pleiades.stoa.org/places/226577","Danuvius/Istros/Hister (river)|Danuvius/Danubius/Istros/Hister, Donau","-0550/2100","45.16291","29.647293","river","VERIFIED","","","",""
"a4b48230-f586-4e11-8abd-39af4441d2d7","Arriano.txt","Kalos","char-offset:29356","PLACE","http://pleiades.stoa.org/places/857180","Kalos (river)","-0030/0640","40.5","40.5","river","VERIFIED","","","",""
"fd33bb2d-5698-4189-8bfa-1876a55a8f4f","Arriano.txt","Kalos","char-offset:29392","PLACE","http://pleiades.stoa.org/places/857180","Kalos (river)","-0030/0640","40.5","40.5","river","VERIFIED","","","",""
"6f96beb3-6862-4294-9ba7-37e919059dcb","Arriano.txt","Hister","char-offset:29456","PLACE","http://pleiades.stoa.org/places/226577","Danuvius/Istros/Hister (river)|Danuvius/Danubius/Istros/Hister, Donau","-0550/2100","45.16291","29.647293","river","VERIFIED","","","",""
"6da6a1fc-81de-4eea-8c6b-213cffa689da","Arriano.txt","Kalatin","char-offset:29667","PLACE","http://pleiades.stoa.org/places/216744","Callatis|Callatis/Kallatis/Kallantis, Mangalia","-0550/0640","43.81307","28.58516","settlement,port","VERIFIED","","","",""
"ffe9dcb8-e1a7-4bff-8103-4979e06fb6f5","Arriano.txt","Caron","char-offset:29748","PLACE","http://pleiades.stoa.org/places/216860","Karon Limen?|Karon Limen?, Shabla","-0330/-0030","43.53831","28.61","settlement","VERIFIED","","","",""
"b024b306-305c-4301-8859-a516c360807e","Arriano.txt","Caron","char-offset:29845","PLACE","http://pleiades.stoa.org/places/216860","Karon Limen?|Karon Limen?, Shabla","-0330/-0030","43.53831","28.61","settlement","VERIFIED","","","",""
"c5eaa1d9-dcda-4230-8808-0dede0122e46","Arriano.txt","Dionisópolis","char-offset:29985","PLACE","http://pleiades.stoa.org/places/216793","Dionysopolis/Krounoi|Dionysopolis/Krounoi, Balchik","-0550/0640","43.409932","28.163044","settlement","VERIFIED","","","",""
"1d4a9c04-4623-479c-9637-bb8638a69564","Arriano.txt","Odesso","char-offset:30084","PLACE","http://sws.geonames.org/698740","Odessa","","46.47747","30.73262","","VERIFIED","","","",""
"2fd6be62-9d79-4665-8523-4e98bf6bc0e3","Arriano.txt","Mesembria","char-offset:30270","PLACE","http://pleiades.stoa.org/places/216882","Mesembria|Mesembria, Nesebar","-0550/2100","42.658743","27.730787","settlement","VERIFIED","","","",""
"d74855a1-c03f-4afa-b560-34f0b0a16859","Arriano.txt","Mesembria","char-offset:30327","PLACE","http://pleiades.stoa.org/places/216882","Mesembria|Mesembria, Nesebar","-0550/2100","42.658743","27.730787","settlement","VERIFIED","","","",""
"eb376d5c-31d5-4f57-927d-c7bd82dd95c9","Arriano.txt","Angíalo","char-offset:30356","PLACE","http://sws.geonames.org/728108","Pomorie","","42.55882","27.64393","","VERIFIED","","","",""
"882c7943-b20a-4daf-bbb6-196275127032","Arriano.txt","Angíalo","char-offset:30387","PLACE","http://sws.geonames.org/728108","Pomorie","","42.55882","27.64393","","VERIFIED","","","",""
"4770d785-eb32-448e-b9ac-ff79f18e5db7","Arriano.txt","Apolonia","char-offset:30402","PLACE","http://pleiades.stoa.org/places/594947","Apollonia","","","","unlocated","VERIFIED","","","",""
"d3223823-80f7-42e4-afe2-cb57271ce8b4","Arriano.txt","Apolonia","char-offset:30546","PLACE","http://pleiades.stoa.org/places/594947","Apollonia","","","","unlocated","VERIFIED","","","",""
"c7e2acb6-d983-4342-bfaf-b6d8cd447489","Arriano.txt","Thunias","char-offset:30715","PLACE","http://pleiades.stoa.org/places/511444","Thynias|Thynias, İğneada","-0030/0300","41.889787","28.027453","settlement-modern,labeled feature,settlement","VERIFIED","","","",""
"ea954774-96a5-4c1f-8140-2036db63162f","Arriano.txt","Thunias","char-offset:30746","PLACE","http://pleiades.stoa.org/places/511444","Thynias|Thynias, İğneada","-0030/0300","41.889787","28.027453","settlement-modern,labeled feature,settlement","VERIFIED","","","",""
"d1a687b3-3f7f-4911-a501-b09cd2881a73","Arriano.txt","Salmudessos","char-offset:30756","PLACE","http://pleiades.stoa.org/places/511404","Salmydessos|Salmydessos, Midye","-0330/0300","41.637244","28.091144","settlement","VERIFIED","","","",""
"4eeb29f1-7f3c-4336-acad-2a8668650213","Arriano.txt","Jenofonte","char-offset:30827","PERSON","","","","","","","","","","",""
"57781412-12e5-4733-9b2c-e65a858f9984","Arriano.txt","Salmudessos","char-offset:31228","PLACE","http://pleiades.stoa.org/places/511404","Salmydessos|Salmydessos, Midye","-0330/0300","41.637244","28.091144","settlement","VERIFIED","","","",""
"f12d2777-0f54-4ff5-8a5c-624ddd87018b","Arriano.txt","Frigia","char-offset:31246","PLACE","http://pleiades.stoa.org/places/511362","Phrygia","-0550/0300","40.25","27.75","labeled feature","VERIFIED","","","",""
